[Header],,,,,,,,,,
IEMFileVersion,4,,,,,,,,,
Investigator Name,,,,,,,,,,
Project Name,NGS-ST-FP-12,,,,,,,,,
Experiment Name,NGS-ST-FP-12,,,,,,,,,
Date,9/17/18,,,,,,,,,
Workflow,GenerateFASTQ,,,,,,,,,
Application,FASTQ Only,,,,,,,,,
Assay,Nextera,,,,,,,,,
Description,Description,,,,,,,,,
Chemistry,Amplicon,,,,,,,,,
[Reads],,,,,,,,,,
151,,,,,,,,,,
151,,,,,,,,,,
[Settings],,,,,,,,,,
Adapter,CTGTCTCTTATACACATCT,,,,,,,,,
,,,,,,,,,,
[Data],,,,,,,,,,
Sample_ID,Sample_Name,Sample_Plate,Sample_Well,I7_Index_ID,index,I5_Index_ID,index2,Sample_Project,Description,GenomeFolder
NC-IVS35,NC-IVS35,Plate,Well,P7_1,TAAGGCGA,Illumina_A_17,AGTTACGC,ArcherDx_Run,Description,PhiX\Illumina\RTA\Sequence\WholeGenomeFASTA
Patient1,Patient1,Plate,Well,P7_2,CGTACTAG,Illumina_A_18,TGGATCAC,ArcherDx_Run,Description,PhiX\Illumina\RTA\Sequence\WholeGenomeFASTA
Patient2,Patient2,Plate,Well,P7_3,AGGCAGAA,Illumina_A_19,AACTGCAC,ArcherDx_Run,Description,PhiX\Illumina\RTA\Sequence\WholeGenomeFASTA
Patient3,Patient3,Plate,Well,P7_4,TCCTGAGC,Illumina_A_20,TTACGGTC,ArcherDx_Run,Description,PhiX\Illumina\RTA\Sequence\WholeGenomeFASTA
NTC-H2O,NTC-H2O,Plate,Well,P7_8,CAGAGAGG,Illumina_A_32,CAACTGAC,ArcherDx_Run,Description,PhiX\Illumina\RTA\Sequence\WholeGenomeFASTA